miRNA,Sequence (5'-3'),Arm,Length (nt),GC content (%),Included in phylogenetic analysis
hsa-miR-548a-3p,CAAAACUGGCAAUUACUUUUGC,3p,22,36.36,Yes
hsa-miR-548a-5p,AAAAGUAAUUGCGAGUUUUACC,5p,22,31.82,Yes
hsa-miR-548aa,AAAAACCACAAUUACUUUUGCACCA,Not explicitly annotated,25,32.0,Yes
hsa-miR-548ab,AAAAGUAAUUGUGGAUUUUGCU,Not explicitly annotated,22,27.27,Yes
hsa-miR-548ac,CAAAAACCGGCAAUUACUUUUG,Not explicitly annotated,22,36.36,Yes
hsa-miR-548ad-3p,GAAAACGACAAUGACUUUUGCA,3p,22,36.36,Yes
hsa-miR-548ad-5p,AAAAGUAAUUGUGGUUUUUG,5p,20,25.0,Yes
hsa-miR-548ae-3p,CAAAAACUGCAAUUACUUUCA,3p,21,28.57,Yes
hsa-miR-548ae-5p,AAAAGUAAUUGUGGUUUUUG,5p,20,25.0,Yes
hsa-miR-548ag,AAAGGUAAUUGUGGUUUCUGC,Not explicitly annotated,21,38.1,Yes
hsa-miR-548ah-3p,CAAAAACUGCAGUUACUUUUGC,3p,22,36.36,Yes
hsa-miR-548ah-5p,AAAAGUGAUUGCAGUGUUUG,5p,20,35.0,Yes
hsa-miR-548ai,AAAGGUAAUUGCAGUUUUUCCC,Not explicitly annotated,22,36.36,Yes
hsa-miR-548aj-3p,UAAAAACUGCAAUUACUUUUA,3p,21,19.05,Yes
hsa-miR-548aj-5p,UGCAAAAGUAAUUGCAGUUUUUG,5p,23,30.43,Yes
hsa-miR-548ak,AAAAGUAACUGCGGUUUUUGA,Not explicitly annotated,21,33.33,Yes
hsa-miR-548al,AACGGCAAUGACUUUUGUACCA,Not explicitly annotated,22,40.91,Yes
hsa-miR-548am-3p,CAAAAACUGCAGUUACUUUUGU,3p,22,31.82,Yes
hsa-miR-548am-5p,AAAAGUAAUUGCGGUUUUUGCC,5p,22,36.36,Yes
hsa-miR-548an,AAAAGGCAUUGUGGUUUUUG,Not explicitly annotated,20,35.0,Yes
hsa-miR-548ao-3p,AAAGACCGUGACUACUUUUGCA,3p,22,40.91,Yes
hsa-miR-548ao-5p,AGAAGUAACUACGGUUUUUGCA,5p,22,36.36,Yes
hsa-miR-548ap-3p,AAAAACCACAAUUACUUUU,3p,19,21.05,Yes
hsa-miR-548ap-5p,AAAAGUAAUUGCGGUCUUU,5p,19,31.58,Yes
hsa-miR-548aq-3p,CAAAAACUGCAAUUACUUUUGC,3p,22,31.82,Yes
hsa-miR-548aq-5p,GAAAGUAAUUGCUGUUUUUGCC,5p,22,36.36,Yes
hsa-miR-548ar-3p,UAAAACUGCAGUUAUUUUUGC,3p,21,28.57,Yes
hsa-miR-548ar-5p,AAAAGUAAUUGCAGUUUUUGC,5p,21,28.57,Yes
hsa-miR-548as-3p,UAAAACCCACAAUUAUGUUUGU,3p,22,27.27,Yes
hsa-miR-548as-5p,AAAAGUAAUUGCGGGUUUUGCC,5p,22,40.91,Yes
hsa-miR-548at-3p,CAAAACCGCAGUAACUUUUGU,3p,21,38.1,Yes
hsa-miR-548at-5p,AAAAGUUAUUGCGGUUUUGGCU,5p,22,36.36,Yes
hsa-miR-548au-3p,UGGCAGUUACUUUUGCACCAG,3p,21,47.62,Yes
hsa-miR-548au-5p,AAAAGUAAUUGCGGUUUUUGC,5p,21,33.33,Yes
hsa-miR-548av-3p,AAAACUGCAGUUACUUUUGC,3p,20,35.0,Yes
hsa-miR-548av-5p,AAAAGUACUUGCGGAUUU,5p,18,33.33,Yes
hsa-miR-548aw,GUGCAAAAGUCAUCACGGUU,Not explicitly annotated,20,45.0,Yes
hsa-miR-548ax,AGAAGUAAUUGCGGUUUUGCCA,Not explicitly annotated,22,40.91,Yes
hsa-miR-548ay-3p,CAAAACCGCGAUUACUCUUGCA,3p,22,45.45,Yes
hsa-miR-548ay-5p,AAAAGUAAUUGUGGUUUUUGC,5p,21,28.57,Yes
hsa-miR-548az-3p,AAAAACUGCAAUCACUUUUGC,3p,21,33.33,Yes
hsa-miR-548az-5p,CAAAAGUGAUUGUGGUUUUUGC,5p,22,36.36,Yes
hsa-miR-548b-3p,CAAGAACCUCAGUUGCUUUUGU,3p,22,40.91,Yes
hsa-miR-548b-5p,AAAAGUAAUUGUGGUUUUGGCC,5p,22,36.36,Yes
hsa-miR-548ba,AAAGGUAACUGUGAUUUUUGCU,Not explicitly annotated,22,31.82,Yes
hsa-miR-548bb-3p,CAAAAACCAUAGUUACUUUUGC,3p,22,31.82,Yes
hsa-miR-548bb-5p,AAAAGUAACUAUGGUUUUUGCC,5p,22,31.82,Yes
hsa-miR-548bc,AAAAACUGUGAUUACUUUUGC,Not explicitly annotated,21,28.57,Yes
hsa-miR-548c-3p,CAAAAAUCUCAAUUACUUUUGC,3p,22,27.27,Yes
hsa-miR-548c-5p,AAAAGUAAUUGCGGUUUUUGCC,5p,22,36.36,Yes
hsa-miR-548d-3p,CAAAAACCACAGUUUCUUUUGC,3p,22,36.36,Yes
hsa-miR-548d-5p,AAAAGUAAUUGUGGUUUUUGCC,5p,22,31.82,Yes
hsa-miR-548e-3p,AAAAACUGAGACUACUUUUGCA,3p,22,31.82,Yes
hsa-miR-548e-5p,CAAAAGCAAUCGCGGUUUUUGC,5p,22,45.45,Yes
hsa-miR-548f-5p,UGCAAAAGUAAUCACAGUUUUU,5p,22,27.27,Yes
hsa-miR-548f-3p,AAAAACUGUAAUUACUUUU,3p,19,15.79,Yes
hsa-miR-548g-3p,AAAACUGUAAUUACUUUUGUAC,3p,22,22.73,Yes
hsa-miR-548g-5p,UGCAAAAGUAAUUGCAGUUUUUG,5p,23,30.43,Yes
hsa-miR-548h-5p,AAAAGUAAUCGCGGUUUUUGUC,5p,22,36.36,Yes
hsa-miR-548h-3p,CAAAAACCGCAAUUACUUUUGCA,3p,23,34.78,Yes
hsa-miR-548i,AAAAGUAAUUGCGGAUUUUGCC,Not explicitly annotated,22,36.36,Yes
hsa-miR-548j-3p,CAAAAACUGCAUUACUUUUGC,3p,21,33.33,Yes
hsa-miR-548j-5p,AAAAGUAAUUGCGGUCUUUGGU,5p,22,36.36,Yes
hsa-miR-548k,AAAAGUACUUGCGGAUUUUGCU,Not explicitly annotated,22,36.36,Yes
hsa-miR-548l,AAAAGUAUUUGCGGGUUUUGUC,Not explicitly annotated,22,36.36,Yes
hsa-miR-548m,CAAAGGUAUUUGUGGUUUUUG,Not explicitly annotated,21,33.33,Yes
hsa-miR-548n,CAAAAGUAAUUGUGGAUUUUGU,Not explicitly annotated,22,27.27,Yes
hsa-miR-548o-3p,CCAAAACUGCAGUUACUUUUGC,3p,22,40.91,Yes
hsa-miR-548o-5p,AAAAGUAAUUGCGGUUUUUGCC,5p,22,36.36,Yes
hsa-miR-548p,UAGCAAAAACUGCAGUUACUUU,Not explicitly annotated,22,31.82,Yes
hsa-miR-548q,GCUGGUGCAAAAGUAAUGGCGG,Not explicitly annotated,22,54.55,Yes
hsa-miR-548s,AUGGCCAAAACUGCAGUUAUUUU,Not explicitly annotated,23,34.78,Yes
hsa-miR-548t-3p,AAAAACCACAAUUACUUUUGCACCA,3p,25,32.0,Yes
hsa-miR-548t-5p,CAAAAGUGAUCGUGGUUUUUG,5p,21,38.1,Yes
hsa-miR-548u,CAAAGACUGCAAUUACUUUUGCG,Not explicitly annotated,23,39.13,Yes
hsa-miR-548v,AGCUACAGUUACUUUUGCACCA,Not explicitly annotated,22,40.91,Yes
hsa-miR-548w,AAAAGUAACUGCGGUUUUUGCCU,Not explicitly annotated,23,39.13,Yes
hsa-miR-548x-5p,UGCAAAAGUAAUUGCAGUUUUUG,5p,23,30.43,Yes
hsa-miR-548x-3p,UAAAAACUGCAAUUACUUUC,3p,20,25.0,Yes
hsa-miR-548y,AAAAGUAAUCACUGUUUUUGCC,Not explicitly annotated,22,31.82,Yes
hsa-miR-548z,CAAAAACCGCAAUUACUUUUGCA,Not explicitly annotated,23,34.78,Yes
