miRNA,Disease,Category,Evidence,Reference(s),PMID/DOI,Source table
hsa-miR-548ac,Acute Myeloid Leukemia,Cancer,"Curated cancer-associated evidence (expression, biomarker, genomic association, or functional study as reported in source reference[s])","Zhao, C. et al., 2022","Zhao, C. et al., 2022: 10.1038/s41417-021-00378-6",Cancer
hsa-miR-548l,Bladder Cancer,Cancer,"Curated cancer-associated evidence (expression, biomarker, genomic association, or functional study as reported in source reference[s])","Yang et al., 2020","Yang et al., 2020: 10.18632/aging.103047",Cancer
hsa-miR-548aq-5p,Breast Cancer,Cancer,"Curated cancer-associated evidence (expression, biomarker, genomic association, or functional study as reported in source reference[s])","Yang, B. et al., 2023; Sha, M. et al,. 2020; Záveský et al., 2022; Yan, C. et al., 2019; He & Wang et al., 2020; Song et al., 2016; Yadollahi et al., 2023; Saberiyan et al., 2023; Wm Nor et al., 2021; Tan et al., 2020; Tripathi et al., 2020; Huang, X. et al., 2023; Emmadi et al., 2015","Yang, B. et al., 2023: 10.1016/j.clbc.2022.11.011; Sha, M. et al,. 2020: 10.26355/eurrev_202003_20675; Záveský et al., 2022: 10.1007/s11033-021-07010-8; Yan, C. et al., 2019: 10.3892/mmr.2019.10669; He & Wang et al., 2020: 10.26355/eurrev_202004_20845; Song et al., 2016: 10.1002/cam4.567; Yadollahi et al., 2023: 10.1002/iub.2688; Saberiyan et al., 2023: 10.1002/cnr2.1816; Wm Nor et al., 2021: 10.3727/096504020X16037933185170; Tan et al., 2020: 10.1007/s10616-020-00418-3; Tripathi et al., 2020: 10.1016/j.ncrna.2019.12.002; Huang, X. et al., 2023: 10.1007/s10528-022-10255-y; Emmadi et al., 2015: 10.1371/journal.pone.0145346",Cancer
hsa-miR-548b-3p,Breast Cancer,Cancer,"Curated cancer-associated evidence (expression, biomarker, genomic association, or functional study as reported in source reference[s])","Yang, B. et al., 2023; Sha, M. et al,. 2020; Záveský et al., 2022; Yan, C. et al., 2019; He & Wang et al., 2020; Song et al., 2016; Yadollahi et al., 2023; Saberiyan et al., 2023; Wm Nor et al., 2021; Tan et al., 2020; Tripathi et al., 2020; Huang, X. et al., 2023; Emmadi et al., 2015","Yang, B. et al., 2023: 10.1016/j.clbc.2022.11.011; Sha, M. et al,. 2020: 10.26355/eurrev_202003_20675; Záveský et al., 2022: 10.1007/s11033-021-07010-8; Yan, C. et al., 2019: 10.3892/mmr.2019.10669; He & Wang et al., 2020: 10.26355/eurrev_202004_20845; Song et al., 2016: 10.1002/cam4.567; Yadollahi et al., 2023: 10.1002/iub.2688; Saberiyan et al., 2023: 10.1002/cnr2.1816; Wm Nor et al., 2021: 10.3727/096504020X16037933185170; Tan et al., 2020: 10.1007/s10616-020-00418-3; Tripathi et al., 2020: 10.1016/j.ncrna.2019.12.002; Huang, X. et al., 2023: 10.1007/s10528-022-10255-y; Emmadi et al., 2015: 10.1371/journal.pone.0145346",Cancer
hsa-miR-548b-5p,Breast Cancer,Cancer,"Curated cancer-associated evidence (expression, biomarker, genomic association, or functional study as reported in source reference[s])","Yang, B. et al., 2023; Sha, M. et al,. 2020; Záveský et al., 2022; Yan, C. et al., 2019; He & Wang et al., 2020; Song et al., 2016; Yadollahi et al., 2023; Saberiyan et al., 2023; Wm Nor et al., 2021; Tan et al., 2020; Tripathi et al., 2020; Huang, X. et al., 2023; Emmadi et al., 2015","Yang, B. et al., 2023: 10.1016/j.clbc.2022.11.011; Sha, M. et al,. 2020: 10.26355/eurrev_202003_20675; Záveský et al., 2022: 10.1007/s11033-021-07010-8; Yan, C. et al., 2019: 10.3892/mmr.2019.10669; He & Wang et al., 2020: 10.26355/eurrev_202004_20845; Song et al., 2016: 10.1002/cam4.567; Yadollahi et al., 2023: 10.1002/iub.2688; Saberiyan et al., 2023: 10.1002/cnr2.1816; Wm Nor et al., 2021: 10.3727/096504020X16037933185170; Tan et al., 2020: 10.1007/s10616-020-00418-3; Tripathi et al., 2020: 10.1016/j.ncrna.2019.12.002; Huang, X. et al., 2023: 10.1007/s10528-022-10255-y; Emmadi et al., 2015: 10.1371/journal.pone.0145346",Cancer
hsa-miR-548c-5p,Breast Cancer,Cancer,"Curated cancer-associated evidence (expression, biomarker, genomic association, or functional study as reported in source reference[s])","Yang, B. et al., 2023; Sha, M. et al,. 2020; Záveský et al., 2022; Yan, C. et al., 2019; He & Wang et al., 2020; Song et al., 2016; Yadollahi et al., 2023; Saberiyan et al., 2023; Wm Nor et al., 2021; Tan et al., 2020; Tripathi et al., 2020; Huang, X. et al., 2023; Emmadi et al., 2015","Yang, B. et al., 2023: 10.1016/j.clbc.2022.11.011; Sha, M. et al,. 2020: 10.26355/eurrev_202003_20675; Záveský et al., 2022: 10.1007/s11033-021-07010-8; Yan, C. et al., 2019: 10.3892/mmr.2019.10669; He & Wang et al., 2020: 10.26355/eurrev_202004_20845; Song et al., 2016: 10.1002/cam4.567; Yadollahi et al., 2023: 10.1002/iub.2688; Saberiyan et al., 2023: 10.1002/cnr2.1816; Wm Nor et al., 2021: 10.3727/096504020X16037933185170; Tan et al., 2020: 10.1007/s10616-020-00418-3; Tripathi et al., 2020: 10.1016/j.ncrna.2019.12.002; Huang, X. et al., 2023: 10.1007/s10528-022-10255-y; Emmadi et al., 2015: 10.1371/journal.pone.0145346",Cancer
hsa-miR-548d-3p,Breast Cancer,Cancer,"Curated cancer-associated evidence (expression, biomarker, genomic association, or functional study as reported in source reference[s])","Yang, B. et al., 2023; Sha, M. et al,. 2020; Záveský et al., 2022; Yan, C. et al., 2019; He & Wang et al., 2020; Song et al., 2016; Yadollahi et al., 2023; Saberiyan et al., 2023; Wm Nor et al., 2021; Tan et al., 2020; Tripathi et al., 2020; Huang, X. et al., 2023; Emmadi et al., 2015","Yang, B. et al., 2023: 10.1016/j.clbc.2022.11.011; Sha, M. et al,. 2020: 10.26355/eurrev_202003_20675; Záveský et al., 2022: 10.1007/s11033-021-07010-8; Yan, C. et al., 2019: 10.3892/mmr.2019.10669; He & Wang et al., 2020: 10.26355/eurrev_202004_20845; Song et al., 2016: 10.1002/cam4.567; Yadollahi et al., 2023: 10.1002/iub.2688; Saberiyan et al., 2023: 10.1002/cnr2.1816; Wm Nor et al., 2021: 10.3727/096504020X16037933185170; Tan et al., 2020: 10.1007/s10616-020-00418-3; Tripathi et al., 2020: 10.1016/j.ncrna.2019.12.002; Huang, X. et al., 2023: 10.1007/s10528-022-10255-y; Emmadi et al., 2015: 10.1371/journal.pone.0145346",Cancer
hsa-miR-548k,Breast Cancer,Cancer,"Curated cancer-associated evidence (expression, biomarker, genomic association, or functional study as reported in source reference[s])","Yang, B. et al., 2023; Sha, M. et al,. 2020; Záveský et al., 2022; Yan, C. et al., 2019; He & Wang et al., 2020; Song et al., 2016; Yadollahi et al., 2023; Saberiyan et al., 2023; Wm Nor et al., 2021; Tan et al., 2020; Tripathi et al., 2020; Huang, X. et al., 2023; Emmadi et al., 2015","Yang, B. et al., 2023: 10.1016/j.clbc.2022.11.011; Sha, M. et al,. 2020: 10.26355/eurrev_202003_20675; Záveský et al., 2022: 10.1007/s11033-021-07010-8; Yan, C. et al., 2019: 10.3892/mmr.2019.10669; He & Wang et al., 2020: 10.26355/eurrev_202004_20845; Song et al., 2016: 10.1002/cam4.567; Yadollahi et al., 2023: 10.1002/iub.2688; Saberiyan et al., 2023: 10.1002/cnr2.1816; Wm Nor et al., 2021: 10.3727/096504020X16037933185170; Tan et al., 2020: 10.1007/s10616-020-00418-3; Tripathi et al., 2020: 10.1016/j.ncrna.2019.12.002; Huang, X. et al., 2023: 10.1007/s10528-022-10255-y; Emmadi et al., 2015: 10.1371/journal.pone.0145346",Cancer
hsa-miR-548m,Breast Cancer,Cancer,"Curated cancer-associated evidence (expression, biomarker, genomic association, or functional study as reported in source reference[s])","Yang, B. et al., 2023; Sha, M. et al,. 2020; Záveský et al., 2022; Yan, C. et al., 2019; He & Wang et al., 2020; Song et al., 2016; Yadollahi et al., 2023; Saberiyan et al., 2023; Wm Nor et al., 2021; Tan et al., 2020; Tripathi et al., 2020; Huang, X. et al., 2023; Emmadi et al., 2015","Yang, B. et al., 2023: 10.1016/j.clbc.2022.11.011; Sha, M. et al,. 2020: 10.26355/eurrev_202003_20675; Záveský et al., 2022: 10.1007/s11033-021-07010-8; Yan, C. et al., 2019: 10.3892/mmr.2019.10669; He & Wang et al., 2020: 10.26355/eurrev_202004_20845; Song et al., 2016: 10.1002/cam4.567; Yadollahi et al., 2023: 10.1002/iub.2688; Saberiyan et al., 2023: 10.1002/cnr2.1816; Wm Nor et al., 2021: 10.3727/096504020X16037933185170; Tan et al., 2020: 10.1007/s10616-020-00418-3; Tripathi et al., 2020: 10.1016/j.ncrna.2019.12.002; Huang, X. et al., 2023: 10.1007/s10528-022-10255-y; Emmadi et al., 2015: 10.1371/journal.pone.0145346",Cancer
hsa-miR-548n,Breast Cancer,Cancer,"Curated cancer-associated evidence (expression, biomarker, genomic association, or functional study as reported in source reference[s])","Yang, B. et al., 2023; Sha, M. et al,. 2020; Záveský et al., 2022; Yan, C. et al., 2019; He & Wang et al., 2020; Song et al., 2016; Yadollahi et al., 2023; Saberiyan et al., 2023; Wm Nor et al., 2021; Tan et al., 2020; Tripathi et al., 2020; Huang, X. et al., 2023; Emmadi et al., 2015","Yang, B. et al., 2023: 10.1016/j.clbc.2022.11.011; Sha, M. et al,. 2020: 10.26355/eurrev_202003_20675; Záveský et al., 2022: 10.1007/s11033-021-07010-8; Yan, C. et al., 2019: 10.3892/mmr.2019.10669; He & Wang et al., 2020: 10.26355/eurrev_202004_20845; Song et al., 2016: 10.1002/cam4.567; Yadollahi et al., 2023: 10.1002/iub.2688; Saberiyan et al., 2023: 10.1002/cnr2.1816; Wm Nor et al., 2021: 10.3727/096504020X16037933185170; Tan et al., 2020: 10.1007/s10616-020-00418-3; Tripathi et al., 2020: 10.1016/j.ncrna.2019.12.002; Huang, X. et al., 2023: 10.1007/s10528-022-10255-y; Emmadi et al., 2015: 10.1371/journal.pone.0145346",Cancer
hsa-miR-548p,Breast Cancer,Cancer,"Curated cancer-associated evidence (expression, biomarker, genomic association, or functional study as reported in source reference[s])","Yang, B. et al., 2023; Sha, M. et al,. 2020; Záveský et al., 2022; Yan, C. et al., 2019; He & Wang et al., 2020; Song et al., 2016; Yadollahi et al., 2023; Saberiyan et al., 2023; Wm Nor et al., 2021; Tan et al., 2020; Tripathi et al., 2020; Huang, X. et al., 2023; Emmadi et al., 2015","Yang, B. et al., 2023: 10.1016/j.clbc.2022.11.011; Sha, M. et al,. 2020: 10.26355/eurrev_202003_20675; Záveský et al., 2022: 10.1007/s11033-021-07010-8; Yan, C. et al., 2019: 10.3892/mmr.2019.10669; He & Wang et al., 2020: 10.26355/eurrev_202004_20845; Song et al., 2016: 10.1002/cam4.567; Yadollahi et al., 2023: 10.1002/iub.2688; Saberiyan et al., 2023: 10.1002/cnr2.1816; Wm Nor et al., 2021: 10.3727/096504020X16037933185170; Tan et al., 2020: 10.1007/s10616-020-00418-3; Tripathi et al., 2020: 10.1016/j.ncrna.2019.12.002; Huang, X. et al., 2023: 10.1007/s10528-022-10255-y; Emmadi et al., 2015: 10.1371/journal.pone.0145346",Cancer
hsa-miR-548t-3p,Breast Cancer,Cancer,"Curated cancer-associated evidence (expression, biomarker, genomic association, or functional study as reported in source reference[s])","Yang, B. et al., 2023; Sha, M. et al,. 2020; Záveský et al., 2022; Yan, C. et al., 2019; He & Wang et al., 2020; Song et al., 2016; Yadollahi et al., 2023; Saberiyan et al., 2023; Wm Nor et al., 2021; Tan et al., 2020; Tripathi et al., 2020; Huang, X. et al., 2023; Emmadi et al., 2015","Yang, B. et al., 2023: 10.1016/j.clbc.2022.11.011; Sha, M. et al,. 2020: 10.26355/eurrev_202003_20675; Záveský et al., 2022: 10.1007/s11033-021-07010-8; Yan, C. et al., 2019: 10.3892/mmr.2019.10669; He & Wang et al., 2020: 10.26355/eurrev_202004_20845; Song et al., 2016: 10.1002/cam4.567; Yadollahi et al., 2023: 10.1002/iub.2688; Saberiyan et al., 2023: 10.1002/cnr2.1816; Wm Nor et al., 2021: 10.3727/096504020X16037933185170; Tan et al., 2020: 10.1007/s10616-020-00418-3; Tripathi et al., 2020: 10.1016/j.ncrna.2019.12.002; Huang, X. et al., 2023: 10.1007/s10528-022-10255-y; Emmadi et al., 2015: 10.1371/journal.pone.0145346",Cancer
hsa-miR-548b-3p,"Chronic Myeloid Leukemia (CML), BCR-ABL1-positive",Cancer,"Curated cancer-associated evidence (expression, biomarker, genomic association, or functional study as reported in source reference[s])","Zhong, A. et al., 2021","Zhong, A. et al., 2021: 10.3389/fphar.2021.728916",Cancer
hsa-miR-548a-3p,Colonic Cancer,Cancer,"Curated cancer-associated evidence (expression, biomarker, genomic association, or functional study as reported in source reference[s])","Wang, M. et al., 2022","Wang, M. et al., 2022: 10.1089/cbr.2020.3767",Cancer
hsa-miR-548b-3p,Colorectal Cancer,Cancer,"Curated cancer-associated evidence (expression, biomarker, genomic association, or functional study as reported in source reference[s])","Xu, et al., 2020; Duan & Qiu, 2022; Li, C. et al., 2022; Ge, J. et al., 2019; Yan, S. et al., 2020; Peng, Z. et al., 2019; Patil, N. et al., 2021","Xu, et al., 2020: 10.26355/eurrev_202010_23406; Duan & Qiu, 2022: 10.1007/s12672-022-00485-2; Li, C. et al., 2022: 10.1007/s00432-022-03981-8; Ge, J. et al., 2019: 10.1002/jcp.28525; Yan, S. et al., 2020: 10.2147/OTT.S273008; Peng, Z. et al., 2019: 10.1002/jcb.27291; Patil, N. et al., 2021: 10.3390/cancers13235951",Cancer
hsa-miR-548b-5p,Colorectal Cancer,Cancer,"Curated cancer-associated evidence (expression, biomarker, genomic association, or functional study as reported in source reference[s])","Xu, et al., 2020; Duan & Qiu, 2022; Li, C. et al., 2022; Ge, J. et al., 2019; Yan, S. et al., 2020; Peng, Z. et al., 2019; Patil, N. et al., 2021","Xu, et al., 2020: 10.26355/eurrev_202010_23406; Duan & Qiu, 2022: 10.1007/s12672-022-00485-2; Li, C. et al., 2022: 10.1007/s00432-022-03981-8; Ge, J. et al., 2019: 10.1002/jcp.28525; Yan, S. et al., 2020: 10.2147/OTT.S273008; Peng, Z. et al., 2019: 10.1002/jcb.27291; Patil, N. et al., 2021: 10.3390/cancers13235951",Cancer
hsa-miR-548c-5p,Colorectal Cancer,Cancer,"Curated cancer-associated evidence (expression, biomarker, genomic association, or functional study as reported in source reference[s])","Xu, et al., 2020; Duan & Qiu, 2022; Li, C. et al., 2022; Ge, J. et al., 2019; Yan, S. et al., 2020; Peng, Z. et al., 2019; Patil, N. et al., 2021","Xu, et al., 2020: 10.26355/eurrev_202010_23406; Duan & Qiu, 2022: 10.1007/s12672-022-00485-2; Li, C. et al., 2022: 10.1007/s00432-022-03981-8; Ge, J. et al., 2019: 10.1002/jcp.28525; Yan, S. et al., 2020: 10.2147/OTT.S273008; Peng, Z. et al., 2019: 10.1002/jcb.27291; Patil, N. et al., 2021: 10.3390/cancers13235951",Cancer
hsa-miR-548f-3p,Colorectal Cancer,Cancer,"Curated cancer-associated evidence (expression, biomarker, genomic association, or functional study as reported in source reference[s])","Xu, et al., 2020; Duan & Qiu, 2022; Li, C. et al., 2022; Ge, J. et al., 2019; Yan, S. et al., 2020; Peng, Z. et al., 2019; Patil, N. et al., 2021","Xu, et al., 2020: 10.26355/eurrev_202010_23406; Duan & Qiu, 2022: 10.1007/s12672-022-00485-2; Li, C. et al., 2022: 10.1007/s00432-022-03981-8; Ge, J. et al., 2019: 10.1002/jcp.28525; Yan, S. et al., 2020: 10.2147/OTT.S273008; Peng, Z. et al., 2019: 10.1002/jcb.27291; Patil, N. et al., 2021: 10.3390/cancers13235951",Cancer
hsa-miR-548g-3p,Colorectal Cancer,Cancer,"Curated cancer-associated evidence (expression, biomarker, genomic association, or functional study as reported in source reference[s])","Xu, et al., 2020; Duan & Qiu, 2022; Li, C. et al., 2022; Ge, J. et al., 2019; Yan, S. et al., 2020; Peng, Z. et al., 2019; Patil, N. et al., 2021","Xu, et al., 2020: 10.26355/eurrev_202010_23406; Duan & Qiu, 2022: 10.1007/s12672-022-00485-2; Li, C. et al., 2022: 10.1007/s00432-022-03981-8; Ge, J. et al., 2019: 10.1002/jcp.28525; Yan, S. et al., 2020: 10.2147/OTT.S273008; Peng, Z. et al., 2019: 10.1002/jcb.27291; Patil, N. et al., 2021: 10.3390/cancers13235951",Cancer
hsa-miR-548i,Colorectal Cancer,Cancer,"Curated cancer-associated evidence (expression, biomarker, genomic association, or functional study as reported in source reference[s])","Xu, et al., 2020; Duan & Qiu, 2022; Li, C. et al., 2022; Ge, J. et al., 2019; Yan, S. et al., 2020; Peng, Z. et al., 2019; Patil, N. et al., 2021","Xu, et al., 2020: 10.26355/eurrev_202010_23406; Duan & Qiu, 2022: 10.1007/s12672-022-00485-2; Li, C. et al., 2022: 10.1007/s00432-022-03981-8; Ge, J. et al., 2019: 10.1002/jcp.28525; Yan, S. et al., 2020: 10.2147/OTT.S273008; Peng, Z. et al., 2019: 10.1002/jcb.27291; Patil, N. et al., 2021: 10.3390/cancers13235951",Cancer
hsa-miR-548d-3p,Diffuse Large B-cell Lymphoma (DLBCL),Cancer,"Curated cancer-associated evidence (expression, biomarker, genomic association, or functional study as reported in source reference[s])","Ting, C. et al., 2022","Ting, C. et al., 2022: 10.1111/ijlh.13928",Cancer
hsa-miR-548am-5p,Early-Stage Colon Adenocarcinoma,Cancer,"Curated cancer-associated evidence (expression, biomarker, genomic association, or functional study as reported in source reference[s])","Liu, J. et al., 2017","Liu, J. et al., 2017: 10.1177/1010428317714899",Cancer
hsa-miR-548c-5p,Early-Stage Colon Adenocarcinoma,Cancer,"Curated cancer-associated evidence (expression, biomarker, genomic association, or functional study as reported in source reference[s])","Liu, J. et al., 2017","Liu, J. et al., 2017: 10.1177/1010428317714899",Cancer
hsa-miR-548i,Early-Stage Colon Adenocarcinoma,Cancer,"Curated cancer-associated evidence (expression, biomarker, genomic association, or functional study as reported in source reference[s])","Liu, J. et al., 2017","Liu, J. et al., 2017: 10.1177/1010428317714899",Cancer
hsa-miR-548ag,Endometrial Cancer,Cancer,"Curated cancer-associated evidence (expression, biomarker, genomic association, or functional study as reported in source reference[s])","Pang, H. et al., 2023; Ni et al., 2022; Witek, L. et al., 2021","Pang, H. et al., 2023: 10.1111/cas.15679; Ni et al., 2022: 10.3390/jpm12071154; Witek, L. et al., 2021: 10.1007/s13577-020-00451-6",Cancer
hsa-miR-548f-5p,Endometrial Cancer,Cancer,"Curated cancer-associated evidence (expression, biomarker, genomic association, or functional study as reported in source reference[s])","Pang, H. et al., 2023; Ni et al., 2022; Witek, L. et al., 2021","Pang, H. et al., 2023: 10.1111/cas.15679; Ni et al., 2022: 10.3390/jpm12071154; Witek, L. et al., 2021: 10.1007/s13577-020-00451-6",Cancer
hsa-miR-548t-5p,Endometrial Cancer,Cancer,"Curated cancer-associated evidence (expression, biomarker, genomic association, or functional study as reported in source reference[s])","Pang, H. et al., 2023; Ni et al., 2022; Witek, L. et al., 2021","Pang, H. et al., 2023: 10.1111/cas.15679; Ni et al., 2022: 10.3390/jpm12071154; Witek, L. et al., 2021: 10.1007/s13577-020-00451-6",Cancer
hsa-miR-548d-5p,Esophageal Cancer,Cancer,"Curated cancer-associated evidence (expression, biomarker, genomic association, or functional study as reported in source reference[s])","Hummel et al., 2011","Hummel et al., 2011: 10.3892/or.2011.1381",Cancer
hsa-miR-548g-3p,Esophageal Squamous Cell Carcinoma,Cancer,"Curated cancer-associated evidence (expression, biomarker, genomic association, or functional study as reported in source reference[s])","Takaki et al., 2021; Lin, J. et al., 2019","Takaki et al., 2021: 10.1245/s10434-021-10089-9; Lin, J. et al., 2019: 10.7150/jca.30816",Cancer
hsa-miR-548g-5p,Esophageal Squamous Cell Carcinoma,Cancer,"Curated cancer-associated evidence (expression, biomarker, genomic association, or functional study as reported in source reference[s])","Takaki et al., 2021; Lin, J. et al., 2019","Takaki et al., 2021: 10.1245/s10434-021-10089-9; Lin, J. et al., 2019: 10.7150/jca.30816",Cancer
hsa-miR-548k,Esophageal Squamous Cell Carcinoma,Cancer,"Curated cancer-associated evidence (expression, biomarker, genomic association, or functional study as reported in source reference[s])","Takaki et al., 2021; Lin, J. et al., 2019","Takaki et al., 2021: 10.1245/s10434-021-10089-9; Lin, J. et al., 2019: 10.7150/jca.30816",Cancer
hsa-miR-548ar-5p,Follicular Variant Papillary Thyroid Cancer,Cancer,"Curated cancer-associated evidence (expression, biomarker, genomic association, or functional study as reported in source reference[s])","Macerola et al., 2022","Macerola et al., 2022: 10.1007/s12020-022-03034-7",Cancer
hsa-miR-548c-3p,Gallbladder Cancer,Cancer,"Curated cancer-associated evidence (expression, biomarker, genomic association, or functional study as reported in source reference[s])","Kong, L. et al., 2019","Kong, L. et al., 2019: 10.1002/jcb.28953",Cancer
hsa-miR-548a-3p,Gastric Cancer,Cancer,"Curated cancer-associated evidence (expression, biomarker, genomic association, or functional study as reported in source reference[s])","Chen, S. et al., 2020; Chen et al., 2023; Li, B. et al., 2022; Huang et al., 2022; Liang et al., 2020; Fang et al., 2019; Landeros et al., 2021; Modesto et al., 2023; Yu, S. et al., 2022","Chen, S. et al., 2020: 10.3389/fonc.2020.00565; Chen et al., 2023: 10.1007/s10238-022-00870-9; Li, B. et al., 2022: 10.1016/j.intimp.2022.108918; Huang et al., 2022: 10.1016/j.prp.2022.154054; Liang et al., 2020: 10.2147/CMAR.S278691; Fang et al., 2019: 10.1016/j.canlet.2018.10.040; Landeros et al., 2021: 10.3390/ijms23010467; Modesto et al., 2023: 10.3390/genes14010060; Yu, S. et al., 2022: 10.1002/jcla.24520",Cancer
hsa-miR-548ac,Gastric Cancer,Cancer,"Curated cancer-associated evidence (expression, biomarker, genomic association, or functional study as reported in source reference[s])","Chen, S. et al., 2020; Chen et al., 2023; Li, B. et al., 2022; Huang et al., 2022; Liang et al., 2020; Fang et al., 2019; Landeros et al., 2021; Modesto et al., 2023; Yu, S. et al., 2022","Chen, S. et al., 2020: 10.3389/fonc.2020.00565; Chen et al., 2023: 10.1007/s10238-022-00870-9; Li, B. et al., 2022: 10.1016/j.intimp.2022.108918; Huang et al., 2022: 10.1016/j.prp.2022.154054; Liang et al., 2020: 10.2147/CMAR.S278691; Fang et al., 2019: 10.1016/j.canlet.2018.10.040; Landeros et al., 2021: 10.3390/ijms23010467; Modesto et al., 2023: 10.3390/genes14010060; Yu, S. et al., 2022: 10.1002/jcla.24520",Cancer
hsa-miR-548bb-3p,Gastric Cancer,Cancer,"Curated cancer-associated evidence (expression, biomarker, genomic association, or functional study as reported in source reference[s])","Chen, S. et al., 2020; Chen et al., 2023; Li, B. et al., 2022; Huang et al., 2022; Liang et al., 2020; Fang et al., 2019; Landeros et al., 2021; Modesto et al., 2023; Yu, S. et al., 2022","Chen, S. et al., 2020: 10.3389/fonc.2020.00565; Chen et al., 2023: 10.1007/s10238-022-00870-9; Li, B. et al., 2022: 10.1016/j.intimp.2022.108918; Huang et al., 2022: 10.1016/j.prp.2022.154054; Liang et al., 2020: 10.2147/CMAR.S278691; Fang et al., 2019: 10.1016/j.canlet.2018.10.040; Landeros et al., 2021: 10.3390/ijms23010467; Modesto et al., 2023: 10.3390/genes14010060; Yu, S. et al., 2022: 10.1002/jcla.24520",Cancer
hsa-miR-548c-3p,Gastric Cancer,Cancer,"Curated cancer-associated evidence (expression, biomarker, genomic association, or functional study as reported in source reference[s])","Chen, S. et al., 2020; Chen et al., 2023; Li, B. et al., 2022; Huang et al., 2022; Liang et al., 2020; Fang et al., 2019; Landeros et al., 2021; Modesto et al., 2023; Yu, S. et al., 2022","Chen, S. et al., 2020: 10.3389/fonc.2020.00565; Chen et al., 2023: 10.1007/s10238-022-00870-9; Li, B. et al., 2022: 10.1016/j.intimp.2022.108918; Huang et al., 2022: 10.1016/j.prp.2022.154054; Liang et al., 2020: 10.2147/CMAR.S278691; Fang et al., 2019: 10.1016/j.canlet.2018.10.040; Landeros et al., 2021: 10.3390/ijms23010467; Modesto et al., 2023: 10.3390/genes14010060; Yu, S. et al., 2022: 10.1002/jcla.24520",Cancer
hsa-miR-548d-3p,Gastric Cancer,Cancer,"Curated cancer-associated evidence (expression, biomarker, genomic association, or functional study as reported in source reference[s])","Chen, S. et al., 2020; Chen et al., 2023; Li, B. et al., 2022; Huang et al., 2022; Liang et al., 2020; Fang et al., 2019; Landeros et al., 2021; Modesto et al., 2023; Yu, S. et al., 2022","Chen, S. et al., 2020: 10.3389/fonc.2020.00565; Chen et al., 2023: 10.1007/s10238-022-00870-9; Li, B. et al., 2022: 10.1016/j.intimp.2022.108918; Huang et al., 2022: 10.1016/j.prp.2022.154054; Liang et al., 2020: 10.2147/CMAR.S278691; Fang et al., 2019: 10.1016/j.canlet.2018.10.040; Landeros et al., 2021: 10.3390/ijms23010467; Modesto et al., 2023: 10.3390/genes14010060; Yu, S. et al., 2022: 10.1002/jcla.24520",Cancer
hsa-miR-548g-3p,Gastric Cancer,Cancer,"Curated cancer-associated evidence (expression, biomarker, genomic association, or functional study as reported in source reference[s])","Chen, S. et al., 2020; Chen et al., 2023; Li, B. et al., 2022; Huang et al., 2022; Liang et al., 2020; Fang et al., 2019; Landeros et al., 2021; Modesto et al., 2023; Yu, S. et al., 2022","Chen, S. et al., 2020: 10.3389/fonc.2020.00565; Chen et al., 2023: 10.1007/s10238-022-00870-9; Li, B. et al., 2022: 10.1016/j.intimp.2022.108918; Huang et al., 2022: 10.1016/j.prp.2022.154054; Liang et al., 2020: 10.2147/CMAR.S278691; Fang et al., 2019: 10.1016/j.canlet.2018.10.040; Landeros et al., 2021: 10.3390/ijms23010467; Modesto et al., 2023: 10.3390/genes14010060; Yu, S. et al., 2022: 10.1002/jcla.24520",Cancer
hsa-miR-548g-5p,Gastric Cancer,Cancer,"Curated cancer-associated evidence (expression, biomarker, genomic association, or functional study as reported in source reference[s])","Chen, S. et al., 2020; Chen et al., 2023; Li, B. et al., 2022; Huang et al., 2022; Liang et al., 2020; Fang et al., 2019; Landeros et al., 2021; Modesto et al., 2023; Yu, S. et al., 2022","Chen, S. et al., 2020: 10.3389/fonc.2020.00565; Chen et al., 2023: 10.1007/s10238-022-00870-9; Li, B. et al., 2022: 10.1016/j.intimp.2022.108918; Huang et al., 2022: 10.1016/j.prp.2022.154054; Liang et al., 2020: 10.2147/CMAR.S278691; Fang et al., 2019: 10.1016/j.canlet.2018.10.040; Landeros et al., 2021: 10.3390/ijms23010467; Modesto et al., 2023: 10.3390/genes14010060; Yu, S. et al., 2022: 10.1002/jcla.24520",Cancer
hsa-miR-548h,Gastric Cancer,Cancer,"Curated cancer-associated evidence (expression, biomarker, genomic association, or functional study as reported in source reference[s])","Chen, S. et al., 2020; Chen et al., 2023; Li, B. et al., 2022; Huang et al., 2022; Liang et al., 2020; Fang et al., 2019; Landeros et al., 2021; Modesto et al., 2023; Yu, S. et al., 2022","Chen, S. et al., 2020: 10.3389/fonc.2020.00565; Chen et al., 2023: 10.1007/s10238-022-00870-9; Li, B. et al., 2022: 10.1016/j.intimp.2022.108918; Huang et al., 2022: 10.1016/j.prp.2022.154054; Liang et al., 2020: 10.2147/CMAR.S278691; Fang et al., 2019: 10.1016/j.canlet.2018.10.040; Landeros et al., 2021: 10.3390/ijms23010467; Modesto et al., 2023: 10.3390/genes14010060; Yu, S. et al., 2022: 10.1002/jcla.24520",Cancer
hsa-miR-548j-3p,Gastric Cancer,Cancer,"Curated cancer-associated evidence (expression, biomarker, genomic association, or functional study as reported in source reference[s])","Chen, S. et al., 2020; Chen et al., 2023; Li, B. et al., 2022; Huang et al., 2022; Liang et al., 2020; Fang et al., 2019; Landeros et al., 2021; Modesto et al., 2023; Yu, S. et al., 2022","Chen, S. et al., 2020: 10.3389/fonc.2020.00565; Chen et al., 2023: 10.1007/s10238-022-00870-9; Li, B. et al., 2022: 10.1016/j.intimp.2022.108918; Huang et al., 2022: 10.1016/j.prp.2022.154054; Liang et al., 2020: 10.2147/CMAR.S278691; Fang et al., 2019: 10.1016/j.canlet.2018.10.040; Landeros et al., 2021: 10.3390/ijms23010467; Modesto et al., 2023: 10.3390/genes14010060; Yu, S. et al., 2022: 10.1002/jcla.24520",Cancer
hsa-miR-548j-5p,Gastric Cancer,Cancer,"Curated cancer-associated evidence (expression, biomarker, genomic association, or functional study as reported in source reference[s])","Chen, S. et al., 2020; Chen et al., 2023; Li, B. et al., 2022; Huang et al., 2022; Liang et al., 2020; Fang et al., 2019; Landeros et al., 2021; Modesto et al., 2023; Yu, S. et al., 2022","Chen, S. et al., 2020: 10.3389/fonc.2020.00565; Chen et al., 2023: 10.1007/s10238-022-00870-9; Li, B. et al., 2022: 10.1016/j.intimp.2022.108918; Huang et al., 2022: 10.1016/j.prp.2022.154054; Liang et al., 2020: 10.2147/CMAR.S278691; Fang et al., 2019: 10.1016/j.canlet.2018.10.040; Landeros et al., 2021: 10.3390/ijms23010467; Modesto et al., 2023: 10.3390/genes14010060; Yu, S. et al., 2022: 10.1002/jcla.24520",Cancer
hsa-miR-548z,Gastric Cancer,Cancer,"Curated cancer-associated evidence (expression, biomarker, genomic association, or functional study as reported in source reference[s])","Chen, S. et al., 2020; Chen et al., 2023; Li, B. et al., 2022; Huang et al., 2022; Liang et al., 2020; Fang et al., 2019; Landeros et al., 2021; Modesto et al., 2023; Yu, S. et al., 2022","Chen, S. et al., 2020: 10.3389/fonc.2020.00565; Chen et al., 2023: 10.1007/s10238-022-00870-9; Li, B. et al., 2022: 10.1016/j.intimp.2022.108918; Huang et al., 2022: 10.1016/j.prp.2022.154054; Liang et al., 2020: 10.2147/CMAR.S278691; Fang et al., 2019: 10.1016/j.canlet.2018.10.040; Landeros et al., 2021: 10.3390/ijms23010467; Modesto et al., 2023: 10.3390/genes14010060; Yu, S. et al., 2022: 10.1002/jcla.24520",Cancer
hsa-miR-548b-3p,Glioma,Cancer,"Curated cancer-associated evidence (expression, biomarker, genomic association, or functional study as reported in source reference[s])","Li et al., 2022; Li & Lan, 2023","Li et al., 2022: 10.1096/fj.202101307R; Li & Lan, 2023: 10.1089/cbr.2021.0299",Cancer
hsa-miR-548b-5p,Glioma,Cancer,"Curated cancer-associated evidence (expression, biomarker, genomic association, or functional study as reported in source reference[s])","Li et al., 2022; Li & Lan, 2023","Li et al., 2022: 10.1096/fj.202101307R; Li & Lan, 2023: 10.1089/cbr.2021.0299",Cancer
hsa-miR-548m,Glioma,Cancer,"Curated cancer-associated evidence (expression, biomarker, genomic association, or functional study as reported in source reference[s])","Li et al., 2022; Li & Lan, 2023","Li et al., 2022: 10.1096/fj.202101307R; Li & Lan, 2023: 10.1089/cbr.2021.0299",Cancer
hsa-miR-548b-3p,Head and neck squamous cell carcinoma,Cancer,"Curated cancer-associated evidence (expression, biomarker, genomic association, or functional study as reported in source reference[s])","Sass, S. et al., 2015; Veeramachaneni et al., 2019","Sass, S. et al., 2015: 10.3390/ijms161226230; Veeramachaneni et al., 2019: 10.1038/s41598-019-48229-7",Cancer
hsa-miR-548b-5p,Head and neck squamous cell carcinoma,Cancer,"Curated cancer-associated evidence (expression, biomarker, genomic association, or functional study as reported in source reference[s])","Sass, S. et al., 2015; Veeramachaneni et al., 2019","Sass, S. et al., 2015: 10.3390/ijms161226230; Veeramachaneni et al., 2019: 10.1038/s41598-019-48229-7",Cancer
hsa-miR-548k,Head and neck squamous cell carcinoma,Cancer,"Curated cancer-associated evidence (expression, biomarker, genomic association, or functional study as reported in source reference[s])","Sass, S. et al., 2015; Veeramachaneni et al., 2019","Sass, S. et al., 2015: 10.3390/ijms161226230; Veeramachaneni et al., 2019: 10.1038/s41598-019-48229-7",Cancer
hsa-miR-548a-3p,Hepatocellular Carcinoma,Cancer,"Curated cancer-associated evidence (expression, biomarker, genomic association, or functional study as reported in source reference[s])","Habieb et al., 2019; Zhao et al., 2016; Wang, L. et al., 2022; Lin & Wang, 2018; Chen et al., 2022; Jin et al., 2020; Jia et al., 2021; Cai et al., 2017; Wang, Y. et al., 2022; Zhang et al., 2019; Li, Z et al., 2022; Xu et al., 2022","Habieb et al., 2019: 10.1007/s11033-019-04810-x; Zhao et al., 2016: 10.3748/wjg.v22.i23.5364; Wang, L. et al., 2022: 10.12659/MSM.934936; Lin & Wang, 2018: 10.1155/2018/7385426; Chen et al., 2022: 10.1097/CAD.0000000000001100; Jin et al., 2020: 10.18632/aging.103324; Jia et al., 2021: 10.1002/jcp.29931; Cai et al., 2017: 10.1038/labinvest.2017.12; Wang, Y. et al., 2022: 10.1097/CAD.0000000000001258; Zhang et al., 2019: 10.1002/jcb.28224; Li, Z et al., 2022: 10.1111/hepr.13740; Xu et al., 2022: 10.1186/s13046-022-02458-3",Cancer
hsa-miR-548a-5p,Hepatocellular Carcinoma,Cancer,"Curated cancer-associated evidence (expression, biomarker, genomic association, or functional study as reported in source reference[s])","Habieb et al., 2019; Zhao et al., 2016; Wang, L. et al., 2022; Lin & Wang, 2018; Chen et al., 2022; Jin et al., 2020; Jia et al., 2021; Cai et al., 2017; Wang, Y. et al., 2022; Zhang et al., 2019; Li, Z et al., 2022; Xu et al., 2022","Habieb et al., 2019: 10.1007/s11033-019-04810-x; Zhao et al., 2016: 10.3748/wjg.v22.i23.5364; Wang, L. et al., 2022: 10.12659/MSM.934936; Lin & Wang, 2018: 10.1155/2018/7385426; Chen et al., 2022: 10.1097/CAD.0000000000001100; Jin et al., 2020: 10.18632/aging.103324; Jia et al., 2021: 10.1002/jcp.29931; Cai et al., 2017: 10.1038/labinvest.2017.12; Wang, Y. et al., 2022: 10.1097/CAD.0000000000001258; Zhang et al., 2019: 10.1002/jcb.28224; Li, Z et al., 2022: 10.1111/hepr.13740; Xu et al., 2022: 10.1186/s13046-022-02458-3",Cancer
hsa-miR-548ah-3p,Hepatocellular Carcinoma,Cancer,"Curated cancer-associated evidence (expression, biomarker, genomic association, or functional study as reported in source reference[s])","Habieb et al., 2019; Zhao et al., 2016; Wang, L. et al., 2022; Lin & Wang, 2018; Chen et al., 2022; Jin et al., 2020; Jia et al., 2021; Cai et al., 2017; Wang, Y. et al., 2022; Zhang et al., 2019; Li, Z et al., 2022; Xu et al., 2022","Habieb et al., 2019: 10.1007/s11033-019-04810-x; Zhao et al., 2016: 10.3748/wjg.v22.i23.5364; Wang, L. et al., 2022: 10.12659/MSM.934936; Lin & Wang, 2018: 10.1155/2018/7385426; Chen et al., 2022: 10.1097/CAD.0000000000001100; Jin et al., 2020: 10.18632/aging.103324; Jia et al., 2021: 10.1002/jcp.29931; Cai et al., 2017: 10.1038/labinvest.2017.12; Wang, Y. et al., 2022: 10.1097/CAD.0000000000001258; Zhang et al., 2019: 10.1002/jcb.28224; Li, Z et al., 2022: 10.1111/hepr.13740; Xu et al., 2022: 10.1186/s13046-022-02458-3",Cancer
hsa-miR-548b-3p,Hepatocellular Carcinoma,Cancer,"Curated cancer-associated evidence (expression, biomarker, genomic association, or functional study as reported in source reference[s])","Habieb et al., 2019; Zhao et al., 2016; Wang, L. et al., 2022; Lin & Wang, 2018; Chen et al., 2022; Jin et al., 2020; Jia et al., 2021; Cai et al., 2017; Wang, Y. et al., 2022; Zhang et al., 2019; Li, Z et al., 2022; Xu et al., 2022","Habieb et al., 2019: 10.1007/s11033-019-04810-x; Zhao et al., 2016: 10.3748/wjg.v22.i23.5364; Wang, L. et al., 2022: 10.12659/MSM.934936; Lin & Wang, 2018: 10.1155/2018/7385426; Chen et al., 2022: 10.1097/CAD.0000000000001100; Jin et al., 2020: 10.18632/aging.103324; Jia et al., 2021: 10.1002/jcp.29931; Cai et al., 2017: 10.1038/labinvest.2017.12; Wang, Y. et al., 2022: 10.1097/CAD.0000000000001258; Zhang et al., 2019: 10.1002/jcb.28224; Li, Z et al., 2022: 10.1111/hepr.13740; Xu et al., 2022: 10.1186/s13046-022-02458-3",Cancer
hsa-miR-548c-3p,Hepatocellular Carcinoma,Cancer,"Curated cancer-associated evidence (expression, biomarker, genomic association, or functional study as reported in source reference[s])","Habieb et al., 2019; Zhao et al., 2016; Wang, L. et al., 2022; Lin & Wang, 2018; Chen et al., 2022; Jin et al., 2020; Jia et al., 2021; Cai et al., 2017; Wang, Y. et al., 2022; Zhang et al., 2019; Li, Z et al., 2022; Xu et al., 2022","Habieb et al., 2019: 10.1007/s11033-019-04810-x; Zhao et al., 2016: 10.3748/wjg.v22.i23.5364; Wang, L. et al., 2022: 10.12659/MSM.934936; Lin & Wang, 2018: 10.1155/2018/7385426; Chen et al., 2022: 10.1097/CAD.0000000000001100; Jin et al., 2020: 10.18632/aging.103324; Jia et al., 2021: 10.1002/jcp.29931; Cai et al., 2017: 10.1038/labinvest.2017.12; Wang, Y. et al., 2022: 10.1097/CAD.0000000000001258; Zhang et al., 2019: 10.1002/jcb.28224; Li, Z et al., 2022: 10.1111/hepr.13740; Xu et al., 2022: 10.1186/s13046-022-02458-3",Cancer
hsa-miR-548i,Hepatocellular Carcinoma,Cancer,"Curated cancer-associated evidence (expression, biomarker, genomic association, or functional study as reported in source reference[s])","Habieb et al., 2019; Zhao et al., 2016; Wang, L. et al., 2022; Lin & Wang, 2018; Chen et al., 2022; Jin et al., 2020; Jia et al., 2021; Cai et al., 2017; Wang, Y. et al., 2022; Zhang et al., 2019; Li, Z et al., 2022; Xu et al., 2022","Habieb et al., 2019: 10.1007/s11033-019-04810-x; Zhao et al., 2016: 10.3748/wjg.v22.i23.5364; Wang, L. et al., 2022: 10.12659/MSM.934936; Lin & Wang, 2018: 10.1155/2018/7385426; Chen et al., 2022: 10.1097/CAD.0000000000001100; Jin et al., 2020: 10.18632/aging.103324; Jia et al., 2021: 10.1002/jcp.29931; Cai et al., 2017: 10.1038/labinvest.2017.12; Wang, Y. et al., 2022: 10.1097/CAD.0000000000001258; Zhang et al., 2019: 10.1002/jcb.28224; Li, Z et al., 2022: 10.1111/hepr.13740; Xu et al., 2022: 10.1186/s13046-022-02458-3",Cancer
hsa-miR-548l-5p,Hepatocellular Carcinoma,Cancer,"Curated cancer-associated evidence (expression, biomarker, genomic association, or functional study as reported in source reference[s])","Habieb et al., 2019; Zhao et al., 2016; Wang, L. et al., 2022; Lin & Wang, 2018; Chen et al., 2022; Jin et al., 2020; Jia et al., 2021; Cai et al., 2017; Wang, Y. et al., 2022; Zhang et al., 2019; Li, Z et al., 2022; Xu et al., 2022","Habieb et al., 2019: 10.1007/s11033-019-04810-x; Zhao et al., 2016: 10.3748/wjg.v22.i23.5364; Wang, L. et al., 2022: 10.12659/MSM.934936; Lin & Wang, 2018: 10.1155/2018/7385426; Chen et al., 2022: 10.1097/CAD.0000000000001100; Jin et al., 2020: 10.18632/aging.103324; Jia et al., 2021: 10.1002/jcp.29931; Cai et al., 2017: 10.1038/labinvest.2017.12; Wang, Y. et al., 2022: 10.1097/CAD.0000000000001258; Zhang et al., 2019: 10.1002/jcb.28224; Li, Z et al., 2022: 10.1111/hepr.13740; Xu et al., 2022: 10.1186/s13046-022-02458-3",Cancer
hsa-miR-548p,Hepatocellular Carcinoma,Cancer,"Curated cancer-associated evidence (expression, biomarker, genomic association, or functional study as reported in source reference[s])","Habieb et al., 2019; Zhao et al., 2016; Wang, L. et al., 2022; Lin & Wang, 2018; Chen et al., 2022; Jin et al., 2020; Jia et al., 2021; Cai et al., 2017; Wang, Y. et al., 2022; Zhang et al., 2019; Li, Z et al., 2022; Xu et al., 2022","Habieb et al., 2019: 10.1007/s11033-019-04810-x; Zhao et al., 2016: 10.3748/wjg.v22.i23.5364; Wang, L. et al., 2022: 10.12659/MSM.934936; Lin & Wang, 2018: 10.1155/2018/7385426; Chen et al., 2022: 10.1097/CAD.0000000000001100; Jin et al., 2020: 10.18632/aging.103324; Jia et al., 2021: 10.1002/jcp.29931; Cai et al., 2017: 10.1038/labinvest.2017.12; Wang, Y. et al., 2022: 10.1097/CAD.0000000000001258; Zhang et al., 2019: 10.1002/jcb.28224; Li, Z et al., 2022: 10.1111/hepr.13740; Xu et al., 2022: 10.1186/s13046-022-02458-3",Cancer
hsa-miR-548s-3p,Hepatocellular Carcinoma,Cancer,"Curated cancer-associated evidence (expression, biomarker, genomic association, or functional study as reported in source reference[s])","Habieb et al., 2019; Zhao et al., 2016; Wang, L. et al., 2022; Lin & Wang, 2018; Chen et al., 2022; Jin et al., 2020; Jia et al., 2021; Cai et al., 2017; Wang, Y. et al., 2022; Zhang et al., 2019; Li, Z et al., 2022; Xu et al., 2022","Habieb et al., 2019: 10.1007/s11033-019-04810-x; Zhao et al., 2016: 10.3748/wjg.v22.i23.5364; Wang, L. et al., 2022: 10.12659/MSM.934936; Lin & Wang, 2018: 10.1155/2018/7385426; Chen et al., 2022: 10.1097/CAD.0000000000001100; Jin et al., 2020: 10.18632/aging.103324; Jia et al., 2021: 10.1002/jcp.29931; Cai et al., 2017: 10.1038/labinvest.2017.12; Wang, Y. et al., 2022: 10.1097/CAD.0000000000001258; Zhang et al., 2019: 10.1002/jcb.28224; Li, Z et al., 2022: 10.1111/hepr.13740; Xu et al., 2022: 10.1186/s13046-022-02458-3",Cancer
hsa-miR-548ao-3p,Hypopharyngeal squamous cell carcinoma,Cancer,"Curated cancer-associated evidence (expression, biomarker, genomic association, or functional study as reported in source reference[s])","Yan, J. et al., 2020","Yan, J. et al., 2020: 10.3892/or.2020.7762",Cancer
hsa-miR-548ac,Laryngeal Carcinoma,Cancer,"Curated cancer-associated evidence (expression, biomarker, genomic association, or functional study as reported in source reference[s])","Kang et al., 2021; Song et al., 2020","Kang et al., 2021: 10.7150/jca.58076; Song et al., 2020: 10.3892/ol.2020.11930",Cancer
hsa-miR-548k,Laryngeal Carcinoma,Cancer,"Curated cancer-associated evidence (expression, biomarker, genomic association, or functional study as reported in source reference[s])","Kang et al., 2021; Song et al., 2020","Kang et al., 2021: 10.7150/jca.58076; Song et al., 2020: 10.3892/ol.2020.11930",Cancer
hsa-miR-548b-5p,Malignant Astrocytoma,Cancer,"Curated cancer-associated evidence (expression, biomarker, genomic association, or functional study as reported in source reference[s])","Yang et al., 2013","Yang et al., 2013: 10.1002/ijc.27657",Cancer
hsa-miR-548d-3p,Medulloblastoma,Cancer,"Curated cancer-associated evidence (expression, biomarker, genomic association, or functional study as reported in source reference[s])","Lv et al., 2012","Lv et al., 2012: 10.1111/j.1750-3639.2011.00523.x",Cancer
hsa-miR-548d-5p,Medulloblastoma,Cancer,"Curated cancer-associated evidence (expression, biomarker, genomic association, or functional study as reported in source reference[s])","Lv et al., 2012","Lv et al., 2012: 10.1111/j.1750-3639.2011.00523.x",Cancer
hsa-miR-548b-3p,Melanoma,Cancer,"Curated cancer-associated evidence (expression, biomarker, genomic association, or functional study as reported in source reference[s])","Feng, 2021","Feng, 2021: 10.1089/cbr.2019.3507",Cancer
hsa-miR-548q,Multiple Myeloma,Cancer,"Curated cancer-associated evidence (expression, biomarker, genomic association, or functional study as reported in source reference[s])","Li et al., 2021","Li et al., 2021: 10.1111/ijlh.13367",Cancer
hsa-miR-548y,Multiple Myeloma,Cancer,"Curated cancer-associated evidence (expression, biomarker, genomic association, or functional study as reported in source reference[s])","Li et al., 2021","Li et al., 2021: 10.1111/ijlh.13367",Cancer
hsa-miR-548q,Nasopharyngeal Carcinoma,Cancer,"Curated cancer-associated evidence (expression, biomarker, genomic association, or functional study as reported in source reference[s])","Zhuo et al., 2018; Zheng et al., 2014","Zhuo et al., 2018: 10.3233/CBM-181852; Zheng et al., 2014: 10.5732/cjc.013.10246",Cancer
hsa-miR-548l,Neuroblastoma,Cancer,"Curated cancer-associated evidence (expression, biomarker, genomic association, or functional study as reported in source reference[s])","Jurcevic et al., 2022","Jurcevic et al., 2022: 10.1038/s41598-022-24140-6",Cancer
hsa-miR-548m,Non-Hodgkin Lymphoma,Cancer,"Curated cancer-associated evidence (expression, biomarker, genomic association, or functional study as reported in source reference[s])","Lwin, T. et al., 2013","Lwin, T. et al., 2013: 10.1172/JCI64210",Cancer
hsa-miR-548ac,Non-Small-Cell Lung Carcinoma,Cancer,"Curated cancer-associated evidence (expression, biomarker, genomic association, or functional study as reported in source reference[s])","Wang, Z. et al., 2020; Akgun et al., 2019; He et al., 2020; Ma et al., 2017; Yang et al., 2023; Wang, X. et al., 2022; Zheng et al., 2021; Lin et al., 2018; Xin et al., 2020; Chen, G. et al., 2020; Halvorsen et al., 2018","Wang, Z. et al., 2020: 10.1007/s10103-019-02865-7; Akgun et al., 2019: 10.2174/1871520619666190206165215; He et al., 2020: 10.7150/jca.47495; Ma et al., 2017: 10.18632/oncotarget.19874; Yang et al., 2023: 10.1111/1759-7714.14777; Wang, X. et al., 2022: 10.1016/j.omto.2022.02.011; Zheng et al., 2021: 10.2147/CMAR.S295003; Lin et al., 2018: 10.2147/OTT.S155016; Xin et al., 2020: 10.3934/mbe.2020409; Chen, G. et al., 2020: DOI not available in source reference list; Halvorsen et al., 2018: 10.1080/0284186X.2018.1465585",Cancer
hsa-miR-548aq-5p,Non-Small-Cell Lung Carcinoma,Cancer,"Curated cancer-associated evidence (expression, biomarker, genomic association, or functional study as reported in source reference[s])","Wang, Z. et al., 2020; Akgun et al., 2019; He et al., 2020; Ma et al., 2017; Yang et al., 2023; Wang, X. et al., 2022; Zheng et al., 2021; Lin et al., 2018; Xin et al., 2020; Chen, G. et al., 2020; Halvorsen et al., 2018","Wang, Z. et al., 2020: 10.1007/s10103-019-02865-7; Akgun et al., 2019: 10.2174/1871520619666190206165215; He et al., 2020: 10.7150/jca.47495; Ma et al., 2017: 10.18632/oncotarget.19874; Yang et al., 2023: 10.1111/1759-7714.14777; Wang, X. et al., 2022: 10.1016/j.omto.2022.02.011; Zheng et al., 2021: 10.2147/CMAR.S295003; Lin et al., 2018: 10.2147/OTT.S155016; Xin et al., 2020: 10.3934/mbe.2020409; Chen, G. et al., 2020: DOI not available in source reference list; Halvorsen et al., 2018: 10.1080/0284186X.2018.1465585",Cancer
hsa-miR-548as-3p,Non-Small-Cell Lung Carcinoma,Cancer,"Curated cancer-associated evidence (expression, biomarker, genomic association, or functional study as reported in source reference[s])","Wang, Z. et al., 2020; Akgun et al., 2019; He et al., 2020; Ma et al., 2017; Yang et al., 2023; Wang, X. et al., 2022; Zheng et al., 2021; Lin et al., 2018; Xin et al., 2020; Chen, G. et al., 2020; Halvorsen et al., 2018","Wang, Z. et al., 2020: 10.1007/s10103-019-02865-7; Akgun et al., 2019: 10.2174/1871520619666190206165215; He et al., 2020: 10.7150/jca.47495; Ma et al., 2017: 10.18632/oncotarget.19874; Yang et al., 2023: 10.1111/1759-7714.14777; Wang, X. et al., 2022: 10.1016/j.omto.2022.02.011; Zheng et al., 2021: 10.2147/CMAR.S295003; Lin et al., 2018: 10.2147/OTT.S155016; Xin et al., 2020: 10.3934/mbe.2020409; Chen, G. et al., 2020: DOI not available in source reference list; Halvorsen et al., 2018: 10.1080/0284186X.2018.1465585",Cancer
hsa-miR-548b-3p,Non-Small-Cell Lung Carcinoma,Cancer,"Curated cancer-associated evidence (expression, biomarker, genomic association, or functional study as reported in source reference[s])","Wang, Z. et al., 2020; Akgun et al., 2019; He et al., 2020; Ma et al., 2017; Yang et al., 2023; Wang, X. et al., 2022; Zheng et al., 2021; Lin et al., 2018; Xin et al., 2020; Chen, G. et al., 2020; Halvorsen et al., 2018","Wang, Z. et al., 2020: 10.1007/s10103-019-02865-7; Akgun et al., 2019: 10.2174/1871520619666190206165215; He et al., 2020: 10.7150/jca.47495; Ma et al., 2017: 10.18632/oncotarget.19874; Yang et al., 2023: 10.1111/1759-7714.14777; Wang, X. et al., 2022: 10.1016/j.omto.2022.02.011; Zheng et al., 2021: 10.2147/CMAR.S295003; Lin et al., 2018: 10.2147/OTT.S155016; Xin et al., 2020: 10.3934/mbe.2020409; Chen, G. et al., 2020: DOI not available in source reference list; Halvorsen et al., 2018: 10.1080/0284186X.2018.1465585",Cancer
hsa-miR-548j-5p,Non-Small-Cell Lung Carcinoma,Cancer,"Curated cancer-associated evidence (expression, biomarker, genomic association, or functional study as reported in source reference[s])","Wang, Z. et al., 2020; Akgun et al., 2019; He et al., 2020; Ma et al., 2017; Yang et al., 2023; Wang, X. et al., 2022; Zheng et al., 2021; Lin et al., 2018; Xin et al., 2020; Chen, G. et al., 2020; Halvorsen et al., 2018","Wang, Z. et al., 2020: 10.1007/s10103-019-02865-7; Akgun et al., 2019: 10.2174/1871520619666190206165215; He et al., 2020: 10.7150/jca.47495; Ma et al., 2017: 10.18632/oncotarget.19874; Yang et al., 2023: 10.1111/1759-7714.14777; Wang, X. et al., 2022: 10.1016/j.omto.2022.02.011; Zheng et al., 2021: 10.2147/CMAR.S295003; Lin et al., 2018: 10.2147/OTT.S155016; Xin et al., 2020: 10.3934/mbe.2020409; Chen, G. et al., 2020: DOI not available in source reference list; Halvorsen et al., 2018: 10.1080/0284186X.2018.1465585",Cancer
hsa-miR-548l,Non-Small-Cell Lung Carcinoma,Cancer,"Curated cancer-associated evidence (expression, biomarker, genomic association, or functional study as reported in source reference[s])","Wang, Z. et al., 2020; Akgun et al., 2019; He et al., 2020; Ma et al., 2017; Yang et al., 2023; Wang, X. et al., 2022; Zheng et al., 2021; Lin et al., 2018; Xin et al., 2020; Chen, G. et al., 2020; Halvorsen et al., 2018","Wang, Z. et al., 2020: 10.1007/s10103-019-02865-7; Akgun et al., 2019: 10.2174/1871520619666190206165215; He et al., 2020: 10.7150/jca.47495; Ma et al., 2017: 10.18632/oncotarget.19874; Yang et al., 2023: 10.1111/1759-7714.14777; Wang, X. et al., 2022: 10.1016/j.omto.2022.02.011; Zheng et al., 2021: 10.2147/CMAR.S295003; Lin et al., 2018: 10.2147/OTT.S155016; Xin et al., 2020: 10.3934/mbe.2020409; Chen, G. et al., 2020: DOI not available in source reference list; Halvorsen et al., 2018: 10.1080/0284186X.2018.1465585",Cancer
hsa-miR-548o-3p,Non-Small-Cell Lung Carcinoma,Cancer,"Curated cancer-associated evidence (expression, biomarker, genomic association, or functional study as reported in source reference[s])","Wang, Z. et al., 2020; Akgun et al., 2019; He et al., 2020; Ma et al., 2017; Yang et al., 2023; Wang, X. et al., 2022; Zheng et al., 2021; Lin et al., 2018; Xin et al., 2020; Chen, G. et al., 2020; Halvorsen et al., 2018","Wang, Z. et al., 2020: 10.1007/s10103-019-02865-7; Akgun et al., 2019: 10.2174/1871520619666190206165215; He et al., 2020: 10.7150/jca.47495; Ma et al., 2017: 10.18632/oncotarget.19874; Yang et al., 2023: 10.1111/1759-7714.14777; Wang, X. et al., 2022: 10.1016/j.omto.2022.02.011; Zheng et al., 2021: 10.2147/CMAR.S295003; Lin et al., 2018: 10.2147/OTT.S155016; Xin et al., 2020: 10.3934/mbe.2020409; Chen, G. et al., 2020: DOI not available in source reference list; Halvorsen et al., 2018: 10.1080/0284186X.2018.1465585",Cancer
hsa-miR-548v,Non-Small-Cell Lung Carcinoma,Cancer,"Curated cancer-associated evidence (expression, biomarker, genomic association, or functional study as reported in source reference[s])","Wang, Z. et al., 2020; Akgun et al., 2019; He et al., 2020; Ma et al., 2017; Yang et al., 2023; Wang, X. et al., 2022; Zheng et al., 2021; Lin et al., 2018; Xin et al., 2020; Chen, G. et al., 2020; Halvorsen et al., 2018","Wang, Z. et al., 2020: 10.1007/s10103-019-02865-7; Akgun et al., 2019: 10.2174/1871520619666190206165215; He et al., 2020: 10.7150/jca.47495; Ma et al., 2017: 10.18632/oncotarget.19874; Yang et al., 2023: 10.1111/1759-7714.14777; Wang, X. et al., 2022: 10.1016/j.omto.2022.02.011; Zheng et al., 2021: 10.2147/CMAR.S295003; Lin et al., 2018: 10.2147/OTT.S155016; Xin et al., 2020: 10.3934/mbe.2020409; Chen, G. et al., 2020: DOI not available in source reference list; Halvorsen et al., 2018: 10.1080/0284186X.2018.1465585",Cancer
hsa-miR-548d-3p,Oral squamous cell carcinoma,Cancer,"Curated cancer-associated evidence (expression, biomarker, genomic association, or functional study as reported in source reference[s])","Tan et al., 2019","Tan et al., 2019: 10.1002/iub.2012",Cancer
hsa-miR-548c-3p,Osteosarcoma,Cancer,"Curated cancer-associated evidence (expression, biomarker, genomic association, or functional study as reported in source reference[s])","Chen et al., 2019; Yao et al., 2020; Zheng et al., 2020","Chen et al., 2019: 10.18632/aging.102097; Yao et al., 2020: DOI not available in source reference list; Zheng et al., 2020: 10.1038/s41419-020-02764-8",Cancer
hsa-miR-548d-3p,Osteosarcoma,Cancer,"Curated cancer-associated evidence (expression, biomarker, genomic association, or functional study as reported in source reference[s])","Chen et al., 2019; Yao et al., 2020; Zheng et al., 2020","Chen et al., 2019: 10.18632/aging.102097; Yao et al., 2020: DOI not available in source reference list; Zheng et al., 2020: 10.1038/s41419-020-02764-8",Cancer
hsa-miR-548c-3p,Ovarian Cancer,Cancer,"Curated cancer-associated evidence (expression, biomarker, genomic association, or functional study as reported in source reference[s])","Sun, X. et al., 2016; Zhang, J. et al., 2020","Sun, X. et al., 2016: 10.1186/s13046-016-0288-0; Zhang, J. et al., 2020: 10.1016/j.omtn.2020.03.013",Cancer
hsa-miR-548e-3p,Ovarian Cancer,Cancer,"Curated cancer-associated evidence (expression, biomarker, genomic association, or functional study as reported in source reference[s])","Sun, X. et al., 2016; Zhang, J. et al., 2020","Sun, X. et al., 2016: 10.1186/s13046-016-0288-0; Zhang, J. et al., 2020: 10.1016/j.omtn.2020.03.013",Cancer
hsa-miR-548an,Pancreatic Cancer,Cancer,"Curated cancer-associated evidence (expression, biomarker, genomic association, or functional study as reported in source reference[s])","Zhu, et al., 2016; Heyn et al., 2012","Zhu, et al., 2016: 10.1158/1535-7163.MCT-15-0877; Heyn et al., 2012: 10.1097/MPA.0b013e318224b701",Cancer
hsa-miR-548d-3p,Pancreatic Cancer,Cancer,"Curated cancer-associated evidence (expression, biomarker, genomic association, or functional study as reported in source reference[s])","Zhu, et al., 2016; Heyn et al., 2012","Zhu, et al., 2016: 10.1158/1535-7163.MCT-15-0877; Heyn et al., 2012: 10.1097/MPA.0b013e318224b701",Cancer
hsa-miR-548d-5p,Pancreatic Cancer,Cancer,"Curated cancer-associated evidence (expression, biomarker, genomic association, or functional study as reported in source reference[s])","Zhu, et al., 2016; Heyn et al., 2012","Zhu, et al., 2016: 10.1158/1535-7163.MCT-15-0877; Heyn et al., 2012: 10.1097/MPA.0b013e318224b701",Cancer
hsa-miR-548s,Pancreatic Carcinoma,Cancer,"Curated cancer-associated evidence (expression, biomarker, genomic association, or functional study as reported in source reference[s])","Zhu, Y. et al., 2021; Ge, W. et al., 2020","Zhu, Y. et al., 2021: 10.1016/j.ejca.2021.04.008; Ge, W. et al., 2020: 10.1038/s41419-020-2475-3",Cancer
hsa-miR-548t-5p,Pancreatic Carcinoma,Cancer,"Curated cancer-associated evidence (expression, biomarker, genomic association, or functional study as reported in source reference[s])","Zhu, Y. et al., 2021; Ge, W. et al., 2020","Zhu, Y. et al., 2021: 10.1016/j.ejca.2021.04.008; Ge, W. et al., 2020: 10.1038/s41419-020-2475-3",Cancer
hsa-miR-548b-3p,Papillary Thyroid Cancer,Cancer,"Curated cancer-associated evidence (expression, biomarker, genomic association, or functional study as reported in source reference[s])","Feng et al., 2021; Du, Y. et al., 2019","Feng et al., 2021: DOI/PMID not available in curated reference map; Du, Y. et al., 2019: 10.26355/eurrev_201908_18543",Cancer
hsa-miR-548c-3p,Papillary Thyroid Cancer,Cancer,"Curated cancer-associated evidence (expression, biomarker, genomic association, or functional study as reported in source reference[s])","Feng et al., 2021; Du, Y. et al., 2019","Feng et al., 2021: DOI/PMID not available in curated reference map; Du, Y. et al., 2019: 10.26355/eurrev_201908_18543",Cancer
hsa-miR-548b-5p,Primary central nervous system lymphoma (PCNSL),Cancer,"Curated cancer-associated evidence (expression, biomarker, genomic association, or functional study as reported in source reference[s])","Takashima et al.,2020","Takashima et al.,2020: 10.1371/journal.pone.0229577",Cancer
hsa-miR-548c-3p,Prostate Cancer,Cancer,"Curated cancer-associated evidence (expression, biomarker, genomic association, or functional study as reported in source reference[s])","Saffari M. et al., 2019","Saffari M. et al., 2019: 10.22037/uj.v0i0.4564",Cancer
hsa-miR-548a-3p,Prostate Neoplasm,Cancer,"Curated cancer-associated evidence (expression, biomarker, genomic association, or functional study as reported in source reference[s])","Panebianco et al., 2021; Valera et al., 2020","Panebianco et al., 2021: 10.3390/BIOMEDICINES9101470; Valera et al., 2020: 10.7150/jca.37842",Cancer
hsa-miR-548ai,Prostate Neoplasm,Cancer,"Curated cancer-associated evidence (expression, biomarker, genomic association, or functional study as reported in source reference[s])","Panebianco et al., 2021; Valera et al., 2020","Panebianco et al., 2021: 10.3390/BIOMEDICINES9101470; Valera et al., 2020: 10.7150/jca.37842",Cancer
hsa-miR-548c-5p,Rectal Cancer,Cancer,"Curated cancer-associated evidence (expression, biomarker, genomic association, or functional study as reported in source reference[s])","Du, B. et al., 2018","Du, B. et al., 2018: 10.3892/mmr.2018.9215",Cancer
hsa-miR-548d-5p,Rectal Cancer,Cancer,"Curated cancer-associated evidence (expression, biomarker, genomic association, or functional study as reported in source reference[s])","Du, B. et al., 2018","Du, B. et al., 2018: 10.3892/mmr.2018.9215",Cancer
hsa-miR-548ah-5p,Small Cell Lung Carcinoma,Cancer,"Curated cancer-associated evidence (expression, biomarker, genomic association, or functional study as reported in source reference[s])","Mo et al., 2020","Mo et al., 2020: 10.3389/fcell.2020.588299",Cancer
hsa-miR-548q,Squamous Cell Carcinoma,Cancer,"Curated cancer-associated evidence (expression, biomarker, genomic association, or functional study as reported in source reference[s])","Singh, A. et al., 2022","Singh, A. et al., 2022: 10.4103/jcrt.jcrt_749_21",Cancer
hsa-miR-548c-3p,Triple Negative Breast Cancer,Cancer,"Curated cancer-associated evidence (expression, biomarker, genomic association, or functional study as reported in source reference[s])","Wang, X. et al., 2021; Tormo, E. et al., 2015","Wang, X. et al., 2021: 10.1038/s41419-021-03684-x; Tormo, E. et al., 2015: 10.1002/jcb.25162",Cancer
hsa-miR-548d-3p,American Tegumentary Leishmaniasis,Infectious diseases,"Curated infectious disease association (host-pathogen, biomarker, expression, or functional evidence as reported in source reference[s])","Souza et al., 2021","Souza et al., 2021: 10.3389/fcimb.2021.687647",Inflammatory and infectious diseases
hsa-miR-548ah-5p,Chronic Hepatitis B,Infectious diseases,"Curated infectious disease association (host-pathogen, biomarker, expression, or functional evidence as reported in source reference[s])","Xing et al., 2014; Xing et al., 2019; Yu et al., 2017","Xing et al., 2014: 10.3390/ijms150814411; Xing et al., 2019: 10.1016/j.lfs.2018.12.057; Yu et al., 2017: 10.1016/j.bbrc.2017.03.109",Inflammatory and infectious diseases
hsa-miR-548j-5p,Chronic Hepatitis B,Infectious diseases,"Curated infectious disease association (host-pathogen, biomarker, expression, or functional evidence as reported in source reference[s])","Xing et al., 2014; Xing et al., 2019; Yu et al., 2017","Xing et al., 2014: 10.3390/ijms150814411; Xing et al., 2019: 10.1016/j.lfs.2018.12.057; Yu et al., 2017: 10.1016/j.bbrc.2017.03.109",Inflammatory and infectious diseases
hsa-miR-548e-3p,Cystic Fibrosis by Pseudomonas,Infectious diseases,"Curated infectious disease association (host-pathogen, biomarker, expression, or functional evidence as reported in source reference[s])","Fesen et al., 2019","Fesen et al., 2019: 10.1016/j.rmed.2019.04.012",Inflammatory and infectious diseases
hsa-miR-548f-3p,Cystic Fibrosis by Pseudomonas,Infectious diseases,"Curated infectious disease association (host-pathogen, biomarker, expression, or functional evidence as reported in source reference[s])","Fesen et al., 2019","Fesen et al., 2019: 10.1016/j.rmed.2019.04.012",Inflammatory and infectious diseases
hsa-miR-548d-3p,Flaviviridae virus,Infectious diseases,"Curated infectious disease association (host-pathogen, biomarker, expression, or functional evidence as reported in source reference[s])","Cayatineto & Hakim, 2024; Wen et al., 2015","Cayatineto & Hakim, 2024: 10.3389/fbinf.2024.1487292; Wen et al., 2015: 10.1016/j.jinf.2014.12.001",Inflammatory and infectious diseases
hsa-miR-548g-3p,Flaviviridae virus,Infectious diseases,"Curated infectious disease association (host-pathogen, biomarker, expression, or functional evidence as reported in source reference[s])","Cayatineto & Hakim, 2024; Wen et al., 2015","Cayatineto & Hakim, 2024: 10.3389/fbinf.2024.1487292; Wen et al., 2015: 10.1016/j.jinf.2014.12.001",Inflammatory and infectious diseases
hsa-miR-548m,Hepatitis C,Infectious diseases,"Curated infectious disease association (host-pathogen, biomarker, expression, or functional evidence as reported in source reference[s])","Mekky et al., 2019","Mekky et al., 2019: 10.1007/s00705-019-04232-x",Inflammatory and infectious diseases
hsa-miR-548c-5p,Human T-cell Leukemia Virus II Infectious diseasess,Infectious diseases,"Curated infectious disease association (host-pathogen, biomarker, expression, or functional evidence as reported in source reference[s])","Pilotti et al., 2022","Pilotti et al., 2022: 10.3390/ijms23147583",Inflammatory and infectious diseases
hsa-miR-548d-5p,Human T-cell Leukemia Virus II Infectious diseasess,Infectious diseases,"Curated infectious disease association (host-pathogen, biomarker, expression, or functional evidence as reported in source reference[s])","Pilotti et al., 2022","Pilotti et al., 2022: 10.3390/ijms23147583",Inflammatory and infectious diseases
hsa-miR-548d-3p,Human Visceral Leishmaniasis,Infectious diseases,"Curated infectious disease association (host-pathogen, biomarker, expression, or functional evidence as reported in source reference[s])","Ramos-Sanchez et al., 2022","Ramos-Sanchez et al., 2022: 10.3389/FCIMB.2022.826039",Inflammatory and infectious diseases
hsa-miR-548an,Influenza A virus,Infectious diseases,"Curated infectious disease association (host-pathogen, biomarker, expression, or functional evidence as reported in source reference[s])","Othumpangat et al., 2013; Zabrodskaya et al., 2022","Othumpangat et al., 2013: 10.1016/j.virol.2013.08.031; Zabrodskaya et al., 2022: 10.3390/v14122690",Inflammatory and infectious diseases
hsa-miR-548c-5p,Influenza A virus,Infectious diseases,"Curated infectious disease association (host-pathogen, biomarker, expression, or functional evidence as reported in source reference[s])","Othumpangat et al., 2013; Zabrodskaya et al., 2022","Othumpangat et al., 2013: 10.1016/j.virol.2013.08.031; Zabrodskaya et al., 2022: 10.3390/v14122690",Inflammatory and infectious diseases
hsa-miR-548b-3p,Pulmonary tuberculosis,Infectious diseases,"Curated infectious disease association (host-pathogen, biomarker, expression, or functional evidence as reported in source reference[s])","Wang et al., 2011","Wang et al., 2011: 10.1371/journal.pone.0025832",Inflammatory and infectious diseases
hsa-miR-548b-5p,Subacute Sclerosing Panencephalitis (SSPE),Infectious diseases,"Curated infectious disease association (host-pathogen, biomarker, expression, or functional evidence as reported in source reference[s])","Cakmak et al., 2018","Cakmak et al., 2018: 10.1016/j.gene.2018.07.062",Inflammatory and infectious diseases
hsa-miR-548c-5p,Subacute Sclerosing Panencephalitis (SSPE),Infectious diseases,"Curated infectious disease association (host-pathogen, biomarker, expression, or functional evidence as reported in source reference[s])","Cakmak et al., 2018","Cakmak et al., 2018: 10.1016/j.gene.2018.07.062",Inflammatory and infectious diseases
hsa-miR-548i,Subacute Sclerosing Panencephalitis (SSPE),Infectious diseases,"Curated infectious disease association (host-pathogen, biomarker, expression, or functional evidence as reported in source reference[s])","Cakmak et al., 2018","Cakmak et al., 2018: 10.1016/j.gene.2018.07.062",Inflammatory and infectious diseases
hsa-miR-548ad-5p,Acute Pancreatitis,Inflammatory,"Curated inflammatory disease association (expression, biomarker, or functional evidence as reported in source reference[s])","Qu et al., 2023; Chen, Y. et al., 2021","Qu et al., 2023: 10.1016/j.asjsur.2022.04.032; Chen, Y. et al., 2021: 10.3892/etm.2020.9458",Inflammatory and infectious diseases
hsa-miR-548d-5p,Acute Pancreatitis,Inflammatory,"Curated inflammatory disease association (expression, biomarker, or functional evidence as reported in source reference[s])","Qu et al., 2023; Chen, Y. et al., 2021","Qu et al., 2023: 10.1016/j.asjsur.2022.04.032; Chen, Y. et al., 2021: 10.3892/etm.2020.9458",Inflammatory and infectious diseases
hsa-miR-548at-5p,Asthma,Inflammatory,"Curated inflammatory disease association (expression, biomarker, or functional evidence as reported in source reference[s])","Tian et al., 2021; Gil-Martínez et al., 2023","Tian et al., 2021: PMID:34670670; Gil-Martínez et al., 2023: 10.3390/ijms24021611",Inflammatory and infectious diseases
hsa-miR-548i,Asthma,Inflammatory,"Curated inflammatory disease association (expression, biomarker, or functional evidence as reported in source reference[s])","Tian et al., 2021; Gil-Martínez et al., 2023","Tian et al., 2021: PMID:34670670; Gil-Martínez et al., 2023: 10.3390/ijms24021611",Inflammatory and infectious diseases
hsa-miR-548a-3p,Chorioamnionitis,Inflammatory,"Curated inflammatory disease association (expression, biomarker, or functional evidence as reported in source reference[s])","Son et al., 2019","Son et al., 2019: 10.1038/S41598-019-56327-9",Inflammatory and infectious diseases
hsa-miR-548aa,Chorioamnionitis,Inflammatory,"Curated inflammatory disease association (expression, biomarker, or functional evidence as reported in source reference[s])","Son et al., 2019","Son et al., 2019: 10.1038/S41598-019-56327-9",Inflammatory and infectious diseases
hsa-miR-548ai,Chorioamnionitis,Inflammatory,"Curated inflammatory disease association (expression, biomarker, or functional evidence as reported in source reference[s])","Son et al., 2019","Son et al., 2019: 10.1038/S41598-019-56327-9",Inflammatory and infectious diseases
hsa-miR-548x-5p,Chorioamnionitis,Inflammatory,"Curated inflammatory disease association (expression, biomarker, or functional evidence as reported in source reference[s])","Son et al., 2019","Son et al., 2019: 10.1038/S41598-019-56327-9",Inflammatory and infectious diseases
hsa-miR-548b-3p,Lung ischemia-reperfusion injury (LIRI),Inflammatory,"Curated inflammatory disease association (expression, biomarker, or functional evidence as reported in source reference[s])","Elgharably et al., 2020","Elgharably et al., 2020: 10.1097/TP.0000000000003370",Inflammatory and infectious diseases
hsa-miR-548e-5p,"Non-Specific-Inflammation, especially preterm birth",Inflammatory,"Curated inflammatory disease association (expression, biomarker, or functional evidence as reported in source reference[s])","Yang et al., 2019","Yang et al., 2019: 10.1093/molehr/gaz054",Inflammatory and infectious diseases
hsa-miR-548a-3p,Periodontitis,Inflammatory,"Curated inflammatory disease association (expression, biomarker, or functional evidence as reported in source reference[s])","Lee et al., 2011","Lee et al., 2011: 10.32604/biocell.2011.35.043",Inflammatory and infectious diseases
hsa-miR-548e-3p,Rhinosinusitis,Inflammatory,"Curated inflammatory disease association (expression, biomarker, or functional evidence as reported in source reference[s])","Xuan et al., 2019","Xuan et al., 2019: 10.1002/alr.22230",Inflammatory and infectious diseases
hsa-miR-548e-5p,Behcet Syndrome,Autoimmune,"Curated autoimmune disease association (genetic, expression, biomarker, or functional evidence as reported in source reference[s])","Hassouna et al., 2022","Hassouna et al., 2022: 10.1186/S43162-022-00107-X",Autoimmune
hsa-miR-548o-3p,Mesangial Proliferative Glomerulonephritis,Autoimmune,"Curated autoimmune disease association (genetic, expression, biomarker, or functional evidence as reported in source reference[s])","Dai et al., 2023","Dai et al., 2023: 10.18632/aging.204527",Autoimmune
hsa-miR-548ac-3p,Multiple Sclerosis,Autoimmune,"Curated autoimmune disease association (genetic, expression, biomarker, or functional evidence as reported in source reference[s])","Hecker et al., 2019; Hecker et al., 2015","Hecker et al., 2019: 10.1371/journal.pgen.1007961; Hecker et al., 2015: 10.1016/j.mrrev.2014.10.002",Autoimmune
hsa-miR-548k,Myasthenia Gravis,Autoimmune,"Curated autoimmune disease association (genetic, expression, biomarker, or functional evidence as reported in source reference[s])","Li et al., 2018","Li et al., 2018: 10.1016/j.jneuroim.2018.03.021",Autoimmune
hsa-miR-548m,Systemic Lupus Erythematosus,Autoimmune,"Curated autoimmune disease association (genetic, expression, biomarker, or functional evidence as reported in source reference[s])","Yang et al., 2021","Yang et al., 2021: 10.55563/clinexprheumatol/yjsbqm",Autoimmune
